--------------
-----Lab1-----
--------------


CREATE DATABASE Аеропорт
GO

USE Аеропорт
GO

CREATE SCHEMA Кузьмич
GO


CREATE TABLE Кузьмич.МоделіЛітаків (
    МодельID INT PRIMARY KEY ,
    НазваМоделі NVARCHAR(50) NOT NULL,
    КількістьМісць INT NOT NULL,
    Вантажопідйомність INT NOT NULL
);
GO


CREATE TABLE Кузьмич.Екіпаж (
    ТабельнийНомер INT PRIMARY KEY,
    Прізвище NVARCHAR(100) NOT NULL,
    ДатаНародження DATE,
    Адреса NVARCHAR(255),
    Посада NVARCHAR(50), -- Пілот, Командир, Стюардеса
);
GO


CREATE TABLE Кузьмич.Літаки (
    БортовийНомер NVARCHAR(50) PRIMARY KEY,
    МодельID INT NOT NULL,
    КількістьГодин INT DEFAULT 0,

    CONSTRAINT FK_Літаки_Моделі FOREIGN KEY (МодельID)
        REFERENCES Кузьмич.МоделіЛітаків(МодельID)
)
GO


CREATE TABLE Кузьмич.Рейси(
    НомерРейсу INT PRIMARY KEY,
    ПунктВідправлення NVARCHAR(50),
    ПунктПризначення NVARCHAR(50),
    ЧасВильоту DATE,
    ЧасПосадки DATE,
    КількістьКвитків INT,
    МодельID INT NOT NULL,
    БортовийНомер NVARCHAR(50) NOT NULL,

    CONSTRAINT FK_Рейси_Моделі FOREIGN KEY (МодельID)
        REFERENCES Кузьмич.МоделіЛітаків(МодельID),

    CONSTRAINT FK_Рейси_БортовийНомер FOREIGN KEY (БортовийНомер)
        REFERENCES Кузьмич.Літаки(БортовийНомер)
)
GO


CREATE TABLE Кузьмич.ПризначенняЕкіпажу(
    НомерРейсу INT NOT NULL,
    ТабельнийНомер INT NOT NULL,

    CONSTRAINT FK_ПризначенняЕкіпажу_НомерРейсу FOREIGN KEY (НомерРейсу)
        REFERENCES Кузьмич.Рейси(НомерРейсу),

    CONSTRAINT FK_ПризначенняЕкіпажу_ТабельнийНомер FOREIGN KEY (ТабельнийНомер)
        REFERENCES Кузьмич.Екіпаж(ТабельнийНомер)

)GO
ALTER TABLE Кузьмич.ПризначенняЕкіпажу
ADD CONSTRAINT PK_ПризначенняЕкіпажу PRIMARY KEY (НомерРейсу, ТабельнийНомер);
GO


CREATE TABLE Кузьмич.ДопускиПілотів(
    ТабельнийНомер INT NOT NULL,
    МодельID INT NOT NULL,

    CONSTRAINT FK_ДопускиПілотів_ТабельнийНомер FOREIGN KEY (ТабельнийНомер)
        REFERENCES Кузьмич.Екіпаж(ТабельнийНомер),

     CONSTRAINT FK_ДопускиПілотів_Моделі FOREIGN KEY (МодельID)
        REFERENCES Кузьмич.МоделіЛітаків(МодельID)
)
GO
------------------------------------------------------------------------------------------------
------------------------------------------------------------------------------------------------



-- Послідовність для моделей літаків
CREATE SEQUENCE Кузьмич.Seq_Моделі
    START WITH 1
    INCREMENT BY 1;

-- Послідовність для табельних номерів екіпажу
CREATE SEQUENCE Кузьмич.Seq_Екіпаж
    START WITH 100
    INCREMENT BY 1;
GO

-- Прив'язка до МоделіЛітаків
ALTER TABLE Кузьмич.МоделіЛітаків 
ADD CONSTRAINT DF_Моделі_ID DEFAULT (NEXT VALUE FOR Кузьмич.Seq_Моделі) FOR МодельID;

-- Прив'язка до Екіпаж
ALTER TABLE Кузьмич.Екіпаж 
ADD CONSTRAINT DF_Екіпаж_ID DEFAULT (NEXT VALUE FOR Кузьмич.Seq_Екіпаж) FOR ТабельнийНомер;
GO
-------------------------------------------------------------------------------------------------


-- Перевірка, щоб кількість місць була додатною
ALTER TABLE Кузьмич.МоделіЛітаків
ADD CONSTRAINT CHK_Places CHECK (КількістьМісць > 0);

-- Перевірка посад (щоб не вписали випадковий текст)
ALTER TABLE Кузьмич.Екіпаж
ADD CONSTRAINT CHK_JobTitle CHECK (Посада IN (N'Пілот', N'Командир', N'Стюардеса'));

-----------------------------------------------------------------------------------------------------
-- Змінюю типи даних для часу (щоб були години/хвилини)
ALTER TABLE Кузьмич.Рейси 
ALTER COLUMN ЧасВильоту DATETIME NOT NULL;

ALTER TABLE Кузьмич.Рейси 
ALTER COLUMN ЧасПосадки DATETIME NOT NULL;
GO
----------------------------------------------------------------------------------------------------

ALTER TABLE Кузьмич.Рейси
ADD CONSTRAINT CHK_FlightTime CHECK (ЧасПосадки > ЧасВильоту);
GO

----------------------------------------------------------------------------------------------------
-- Додаю обмеження на унікальність у допусках (щоб не дублювати однакові допуски)
ALTER TABLE Кузьмич.ДопускиПілотів
ADD CONSTRAINT PK_ДопускиПілотів PRIMARY KEY (ТабельнийНомер, МодельID);
GO

-- Додаю приклад CHECK для перевірки, що кількість квитків не від'ємна
ALTER TABLE Кузьмич.Рейси
ADD CONSTRAINT CHK_TicketsCount CHECK (КількістьКвитків >= 0);
GO

-- Створення Складеного Індексу (для оптимізації звіту про літаки певної моделі)
CREATE INDEX IX_Літаки_Модель ON Кузьмич.Літаки(МодельID);
GO

-----------------------------------------------------------------------------------------------------
-----------------------------------------------------------------------------------------------------



-- 1. ЗАПОВНЕННЯ МОДЕЛЕЙ ЛІТАКІВ 
INSERT INTO Кузьмич.МоделіЛітаків (НазваМоделі, КількістьМісць, Вантажопідйомність) VALUES
(N'Boeing 737', 180, 20000), (N'Airbus A320', 160, 18000),
(N'Embraer 190', 100, 12000), (N'Bombardier CRJ900', 90, 10000),
(N'ATR 72', 72, 7500), (N'Boeing 777', 300, 40000),
(N'Airbus A350', 320, 45000), (N'Cessna 208', 12, 2000),
(N'An-148', 85, 9000), (N'Gulfstream G650', 16, 3000);
GO

-- 2. ЗАПОВНЕННЯ ЕКІПАЖУ 
INSERT INTO Кузьмич.Екіпаж (Прізвище, Посада) VALUES
(N'Іваненко', N'Командир'), (N'Петренко', N'Пілот'),
(N'Сидоренко', N'Стюардеса'), (N'Ковальчук', N'Стюардеса'),
(N'Мельник', N'Командир'), (N'Шевченко', N'Пілот'),
(N'Бондар', N'Стюардеса'), (N'Ткаченко', N'Стюардеса'),
(N'Лисенко', N'Пілот'), (N'Мороз', N'Пілот');
GO

-- 3. ЗАПОВНЕННЯ ЛІТАКІВ
INSERT INTO Кузьмич.Літаки (БортовийНомер, МодельID, КількістьГодин) VALUES
(N'UR-AAA', 1, 1200), (N'UR-BBB', 2, 850),
(N'UR-CCC', 3, 400), (N'UR-DDD', 4, 1500),
(N'UR-EEE', 5, 2000), (N'UR-FFF', 6, 300),
(N'UR-GGG', 7, 100), (N'UR-HHH', 8, 50),
(N'UR-III', 9, 600), (N'UR-JJJ', 10, 120);
GO

-- 4. ЗАПОВНЕННЯ ДОПУСКІВ ПІЛОТІВ
INSERT INTO Кузьмич.ДопускиПілотів (ТабельнийНомер, МодельID) VALUES
(100, 1), (100, 6), (101, 1), (101, 2),
(104, 3), (104, 7), (105, 4), (105, 9),
(109, 5), (109, 10);
GO


-- 5. ЗАПОВНЕННЯ РЕЙСІВ 
INSERT INTO Кузьмич.Рейси (НомерРейсу, ПунктВідправлення, ПунктПризначення, ЧасВильоту, ЧасПосадки, КількістьКвитків, МодельID, БортовийНомер) VALUES
(101, N'Київ', N'Лондон', '2026-05-01 08:00', '2026-05-01 11:30', 150, 1, N'UR-AAA'),
(102, N'Київ', N'Париж', '2026-05-01 12:00', '2026-05-01 15:00', 140, 2, N'UR-BBB'),
(103, N'Львів', N'Варшава', '2026-05-02 09:00', '2026-05-02 10:15', 80, 3, N'UR-CCC'),
(104, N'Київ', N'Берлін', '2026-05-02 14:00', '2026-05-02 16:30', 40, 4, N'UR-DDD'),
(105, N'Одеса', N'Стамбул', '2026-05-03 10:00', '2026-05-03 12:00', 60, 5, N'UR-EEE'),
(106, N'Київ', N'Нью-Йорк', '2026-05-04 07:00', '2026-05-04 16:00', 280, 6, N'UR-FFF'),
(107, N'Київ', N'Токіо', '2026-05-05 20:00', '2026-05-06 10:00', 300, 7, N'UR-GGG'),
(108, N'Рівне', N'Люблін', '2026-05-06 08:00', '2026-05-06 09:00', 5, 8, N'UR-HHH'),
(109, N'Київ', N'Прага', '2026-05-07 11:00', '2026-05-07 13:00', 70, 9, N'UR-III'),
(110, N'Київ', N'Відень', '2026-05-08 15:00', '2026-05-08 17:30', 12, 10, N'UR-JJJ');
GO


-- 6. ПРИЗНАЧЕННЯ ЕКІПАЖУ
INSERT INTO Кузьмич.ПризначенняЕкіпажу (НомерРейсу, ТабельнийНомер) VALUES
(101, 100), (101, 102),
(102, 101), (102, 103),
(103, 104), (103, 106),
(104, 105), (104, 107),
(105, 109), (105, 108);

